{"minx": -760900.1632170193, "miny": 890659.3426243656, "maxx": 2085038.738928963, "maxy": 3468538.606628393, "north": 3468538.606628393, "south": 890659.3426243656, "east": 2085038.738928963, "west": -760900.1632170193}